what,kind,bundleId,bundleVersion,description,time
started,bundle,com.android.ide.eclipse.adt,21.0.0.v201210310015-519525,"com.android.ide.eclipse.adt",1356508634227
started,bundle,com.android.ide.eclipse.base,21.0.0.v201210310015-519525,"com.android.ide.eclipse.base",1356508634227
started,bundle,com.android.ide.eclipse.ddms,21.0.0.v201210310015-519525,"com.android.ide.eclipse.ddms",1356508634243
started,bundle,com.android.ide.eclipse.traceview,21.0.0.v201210310015-519525,"com.android.ide.eclipse.traceview",1356508634258
started,bundle,org.eclipse.cdt.codan.ui.cxx,2.0.0.201202111925,"org.eclipse.cdt.codan.ui.cxx",1356508634258
os,sysinfo,,,"win32",1356508634258
arch,sysinfo,,,"x86",1356508634258
ws,sysinfo,,,"win32",1356508634258
locale,sysinfo,,,"en_US",1356508634258
processors,sysinfo,,,"4",1356508634258
java.runtime.name,sysinfo,,,"Java(TM) SE Runtime Environment",1356508634258
java.runtime.version,sysinfo,,,"1.6.0_31-b05",1356508634258
java.specification.name,sysinfo,,,"Java Platform API Specification",1356508634258
java.specification.vendor,sysinfo,,,"Sun Microsystems Inc.",1356508634258
java.specification.version,sysinfo,,,"1.6",1356508634258
java.vendor,sysinfo,,,"Sun Microsystems Inc.",1356508634258
java.version,sysinfo,,,"1.6.0_31",1356508634258
java.vm.info,sysinfo,,,"mixed mode",1356508634258
java.vm.name,sysinfo,,,"Java HotSpot(TM) Client VM",1356508634258
java.vm.specification.name,sysinfo,,,"Java Virtual Machine Specification",1356508634258
java.vm.specification.vendor,sysinfo,,,"Sun Microsystems Inc.",1356508634258
java.vm.specification.version,sysinfo,,,"1.0",1356508634258
java.vm.vendor,sysinfo,,,"Sun Microsystems Inc.",1356508634258
java.vm.version,sysinfo,,,"20.6-b01",1356508634258
started,bundle,org.eclipse.team.cvs.core,3.3.400.I20110510-0800,"org.eclipse.team.cvs.core",1356508634679
started,bundle,org.eclipse.team.cvs.ui,3.3.400.I20110510-0800,"org.eclipse.team.cvs.ui",1356508634929
started,bundle,org.eclipse.cdt.make.core,7.1.2.201202111925,"org.eclipse.cdt.make.core",1356508636380
started,bundle,org.eclipse.cdt.managedbuilder.core,8.0.2.201202111925,"org.eclipse.cdt.managedbuilder.core",1356508637363
started,bundle,org.eclipse.cdt.core,5.3.2.201202111925,"org.eclipse.cdt.core",1356508639079
started,bundle,org.eclipse.ui.navigator,3.5.100.v20110809-2227,"org.eclipse.ui.navigator",1356508640186
started,bundle,org.eclipse.cdt.ui,5.3.2.201202111925,"org.eclipse.cdt.ui",1356508641715
started,bundle,org.eclipse.cdt.make.ui,7.1.2.201202111925,"org.eclipse.cdt.make.ui",1356508641731
started,bundle,org.eclipse.cdt.codan.core.cxx,1.0.0.201202111925,"org.eclipse.cdt.codan.core.cxx",1356508641731
started,bundle,org.eclipse.cdt.codan.core,2.0.0.201202111925,"org.eclipse.cdt.codan.core",1356508641777
started,bundle,org.eclipse.cdt.codan.checkers,1.0.1.201202111925,"org.eclipse.cdt.codan.checkers",1356508641949
started,bundle,org.eclipse.debug.core,3.7.0.v20110518,"org.eclipse.debug.core",1356508645849
started,bundle,org.eclipse.jdt.launching,3.6.1.v20110803_r371,"org.eclipse.jdt.launching",1356508646036
started,bundle,org.eclipse.wst.sse.core,1.1.602.v201112071516,"org.eclipse.wst.sse.core",1356508646395
started,bundle,org.eclipse.compare.core,3.5.200.I20110208-0800,"org.eclipse.compare.core",1356508666784
opened,editor,org.eclipse.jdt.ui,3.7.1.r371_v20110824-0800,"org.eclipse.jdt.ui.CompilationUnitEditor",1356508667221
activated,editor,org.eclipse.jdt.ui,3.7.1.r371_v20110824-0800,"org.eclipse.jdt.ui.CompilationUnitEditor",1356508667595
started,bundle,org.eclipse.jdt.apt.core,3.3.500.v20110420-1015,"org.eclipse.jdt.apt.core",1356508668313
started,bundle,org.eclipse.jdt.apt.pluggable.core,1.0.400.v20110305-1450,"org.eclipse.jdt.apt.pluggable.core",1356508668344
started,bundle,org.eclipse.core.variables,3.2.500.v20110511,"org.eclipse.core.variables",1356508668438
deactivated,workbench,org.eclipse.ui.workbench,3.7.0.I20110519-0100,"",1356508729808
activated,workbench,org.eclipse.ui.workbench,3.7.0.I20110519-0100,"",1356508896682
activated,view,org.eclipse.jdt.ui,3.7.1.r371_v20110824-0800,"org.eclipse.jdt.ui.PackageExplorer",1356508901269
started,bundle,org.eclipse.wst.sse.ui,1.3.2.v201201041522,"org.eclipse.wst.sse.ui",1356508901456
started,bundle,org.eclipse.wst.xml.core,1.1.602.v201201091944,"org.eclipse.wst.xml.core",1356508901487
started,bundle,org.eclipse.debug.ui,3.7.101.v20110817_r371,"org.eclipse.debug.ui",1356508901596
started,bundle,org.eclipse.wst.common.uriresolver,1.1.401.v201004280700,"org.eclipse.wst.common.uriresolver",1356508901939
started,bundle,org.eclipse.wst.xml.ui,1.1.202.v201112071516,"org.eclipse.wst.xml.ui",1356508901971
started,bundle,org.eclipse.wst.validation,1.2.303.v201202090300,"org.eclipse.wst.validation",1356508902127
started,bundle,org.eclipse.wst.common.project.facet.core,1.4.201.v201201101553,"org.eclipse.wst.common.project.facet.core",1356508902127
started,bundle,org.eclipse.wst.dtd.ui,1.0.600.v201103171359,"org.eclipse.wst.dtd.ui",1356508902189
started,bundle,org.eclipse.emf.common,2.7.0.v20120127-1122,"org.eclipse.emf.common",1356508902205
opened,editor,com.android.ide.eclipse.adt,21.0.0.v201210310015-519525,"com.android.ide.eclipse.editors.manifest.ManifestEditor",1356508902251
activated,editor,com.android.ide.eclipse.adt,21.0.0.v201210310015-519525,"com.android.ide.eclipse.editors.manifest.ManifestEditor",1356508902501
started,bundle,org.eclipse.wst.common.frameworks,1.2.102.v201201190400,"org.eclipse.wst.common.frameworks",1356508903733
started,bundle,org.eclipse.wst.internet.cache,1.0.400.v201004280700,"org.eclipse.wst.internet.cache",1356508903796
executed,command,org.eclipse.ui,3.7.0.I20110602-0100,"org.eclipse.ui.edit.text.contentAssist.proposals",1356508912345
executed,command,org.eclipse.ui,3.7.0.I20110602-0100,"org.eclipse.ui.edit.text.contentAssist.proposals",1356508918756
executed,command,org.eclipse.ui,3.7.0.I20110602-0100,"org.eclipse.ui.edit.delete",1356508921528
executed,command,org.eclipse.ui,3.7.0.I20110602-0100,"org.eclipse.ui.edit.delete",1356508921965
executed,command,org.eclipse.ui,3.7.0.I20110602-0100,"org.eclipse.ui.edit.delete",1356508922230
executed,command,org.eclipse.ui,3.7.0.I20110602-0100,"org.eclipse.ui.edit.delete",1356508922605
executed,command,org.eclipse.ui.workbench.texteditor,3.7.0.v20110505-0800,"org.eclipse.ui.edit.text.goto.lineEnd",1356508928938
executed,command,org.eclipse.ui,3.7.0.I20110602-0100,"org.eclipse.ui.edit.text.contentAssist.proposals",1356508932511
deactivated,workbench,org.eclipse.ui.workbench,3.7.0.I20110519-0100,"",1356508945864
activated,workbench,org.eclipse.ui.workbench,3.7.0.I20110519-0100,"",1356508949873
deactivated,workbench,org.eclipse.ui.workbench,3.7.0.I20110519-0100,"",1356508958547
activated,workbench,org.eclipse.ui.workbench,3.7.0.I20110519-0100,"",1356508962728
executed,command,org.eclipse.ui.workbench.texteditor,3.7.0.v20110505-0800,"org.eclipse.ui.edit.text.goto.lineEnd",1356508971246
executed,command,org.eclipse.ui,3.7.0.I20110602-0100,"org.eclipse.ui.file.save",1356508974319
deactivated,workbench,org.eclipse.ui.workbench,3.7.0.I20110519-0100,"",1356508977626
activated,workbench,org.eclipse.ui.workbench,3.7.0.I20110519-0100,"",1356508990496
executed,command,org.eclipse.ui.workbench.texteditor,3.7.0.v20110505-0800,"org.eclipse.ui.edit.text.goto.lineEnd",1356508994802
executed,command,org.eclipse.ui,3.7.0.I20110602-0100,"org.eclipse.ui.edit.text.contentAssist.proposals",1356509000106
executed,command,org.eclipse.ui.workbench.texteditor,3.7.0.v20110505-0800,"org.eclipse.ui.edit.text.goto.lineEnd",1356509017687
executed,command,org.eclipse.ui,3.7.0.I20110602-0100,"org.eclipse.ui.edit.text.contentAssist.proposals",1356509033365
executed,command,org.eclipse.ui.workbench.texteditor,3.7.0.v20110505-0800,"org.eclipse.ui.edit.text.goto.lineEnd",1356509037842
executed,command,org.eclipse.ui.workbench.texteditor,3.7.0.v20110505-0800,"org.eclipse.ui.edit.text.select.lineEnd",1356509043318
executed,command,org.eclipse.ui,3.7.0.I20110602-0100,"org.eclipse.ui.edit.cut",1356509045923
executed,command,org.eclipse.ui.workbench.texteditor,3.7.0.v20110505-0800,"org.eclipse.ui.edit.text.goto.lineEnd",1356509046812
executed,command,org.eclipse.ui,3.7.0.I20110602-0100,"org.eclipse.ui.edit.delete",1356509051258
executed,command,org.eclipse.ui,3.7.0.I20110602-0100,"org.eclipse.ui.edit.paste",1356509055298
executed,command,org.eclipse.ui.workbench.texteditor,3.7.0.v20110505-0800,"org.eclipse.ui.edit.text.goto.lineStart",1356509057046
error,log,,,"Parser exception for D:\\BEProjectAndroidUI\\BEProject\\AndroidManifest.xml: The element type ""uses-permission"" must be terminated by the matching end-tag ""</uses-permission>"".",1356509060665
error,log,,,"Malformed manifest",1356509060665
executed,command,org.eclipse.ui,3.7.0.I20110602-0100,"org.eclipse.ui.file.save",1356509060680
opened,view,org.eclipse.ui.console,3.5.100.v20110511,"org.eclipse.ui.console.ConsoleView",1356509060774
started,bundle,org.eclipse.cdt.dsf,2.2.0.201202111925,"org.eclipse.cdt.dsf",1356509060914
started,bundle,org.eclipse.cdt.dsf.gdb,4.0.2.201202111925,"org.eclipse.cdt.dsf.gdb",1356509060914
started,bundle,org.eclipse.cdt.dsf.gdb.ui,2.2.1.201202111925,"org.eclipse.cdt.dsf.gdb.ui",1356509060914
deactivated,workbench,org.eclipse.ui.workbench,3.7.0.I20110519-0100,"",1356509066484
activated,workbench,org.eclipse.ui.workbench,3.7.0.I20110519-0100,"",1356509130101
deactivated,workbench,org.eclipse.ui.workbench,3.7.0.I20110519-0100,"",1356509133689
activated,workbench,org.eclipse.ui.workbench,3.7.0.I20110519-0100,"",1356511517371
started,bundle,org.eclipse.cdt.debug.core,7.1.0.201202111925,"org.eclipse.cdt.debug.core",1356511519211
started,bundle,org.eclipse.cdt.debug.ui,7.1.2.201202111925,"org.eclipse.cdt.debug.ui",1356511519221
started,bundle,org.eclipse.jdt.junit.core,3.7.0.v20110518-0800,"org.eclipse.jdt.junit.core",1356511519311
started,bundle,org.eclipse.jdt.junit,3.7.0.v20110505-0800,"org.eclipse.jdt.junit",1356511519351
started,bundle,org.eclipse.jdt.debug,3.7.1.v20110802_r371,"org.eclipse.jdt.debug",1356511519451
started,bundle,org.eclipse.jdt.debug.ui,3.6.1.v20110803_r371,"org.eclipse.jdt.debug.ui",1356511519771
started,bundle,com.android.ide.eclipse.ndk,21.0.0.v201210310015-519525,"com.android.ide.eclipse.ndk",1356511519791
deactivated,workbench,org.eclipse.ui.workbench,3.7.0.I20110519-0100,"",1356511521941
activated,workbench,org.eclipse.ui.workbench,3.7.0.I20110519-0100,"",1356511525071
deactivated,workbench,org.eclipse.ui.workbench,3.7.0.I20110519-0100,"",1356511526271
activated,workbench,org.eclipse.ui.workbench,3.7.0.I20110519-0100,"",1356511526291
deactivated,workbench,org.eclipse.ui.workbench,3.7.0.I20110519-0100,"",1356511526301
activated,workbench,org.eclipse.ui.workbench,3.7.0.I20110519-0100,"",1356511660371
deactivated,workbench,org.eclipse.ui.workbench,3.7.0.I20110519-0100,"",1356511662841
activated,workbench,org.eclipse.ui.workbench,3.7.0.I20110519-0100,"",1356512085802
deactivated,workbench,org.eclipse.ui.workbench,3.7.0.I20110519-0100,"",1356512086822
closed,workbench,org.eclipse.ui.workbench,3.7.0.I20110519-0100,"",1356520884483
started,bundle,org.eclipse.compare,3.5.201.R37x_v20110817-0800,"org.eclipse.compare",1356520885573
stopped,bundle,org.eclipse.mylyn.ide.ant,3.6.0.v20110608-1400,"org.eclipse.mylyn.ide.ant",1356520886723
stopped,bundle,org.eclipse.mylyn.pde.ui,3.6.0.v20110608-1400,"org.eclipse.mylyn.pde.ui",1356520886743
stopped,bundle,org.eclipse.pde.api.tools.ui,1.0.301.v20110803_r371,"org.eclipse.pde.api.tools.ui",1356520886743
stopped,bundle,org.eclipse.pde.ds.ui,1.0.100.v20110516,"org.eclipse.pde.ds.ui",1356520886873
stopped,bundle,org.eclipse.pde.runtime,3.4.201.v20110819-0851,"org.eclipse.pde.runtime",1356520886923
stopped,bundle,org.eclipse.pde.ua.ui,1.0.100.v20110516,"org.eclipse.pde.ua.ui",1356520886953
stopped,bundle,org.eclipse.pde.ui.templates,3.4.400.v20110516,"org.eclipse.pde.ui.templates",1356520886983
stopped,bundle,org.eclipse.rap.ui.launch,1.4.1.20110914-1945,"org.eclipse.rap.ui.launch",1356520886983
stopped,bundle,org.eclipse.rap.ui.templates,1.4.1.20110914-1945,"org.eclipse.rap.ui.templates",1356520887013
stopped,bundle,org.eclipse.pde.ui,3.6.100.v20110603,"org.eclipse.pde.ui",1356520887013
activated,perspective,org.eclipse.jdt.ui,,"org.eclipse.jdt.ui.JavaPerspective",1356524835045
started,bundle,org.eclipse.osgi,3.7.1.R37x_v20110808-1106,"org.eclipse.osgi",1356524835045
started,bundle,org.eclipse.equinox.simpleconfigurator,1.0.200.v20110502-1955,"org.eclipse.equinox.simpleconfigurator",1356524835045
started,bundle,com.ibm.icu,4.4.2.v20110208,"com.ibm.icu",1356524835045
started,bundle,org.eclipse.compare.core,3.5.200.I20110208-0800,"org.eclipse.compare.core",1356524835045
started,bundle,org.eclipse.core.contenttype,3.4.100.v20110423-0524,"org.eclipse.core.contenttype",1356524835045
started,bundle,org.eclipse.core.databinding.observable,1.4.0.I20110222-0800,"org.eclipse.core.databinding.observable",1356524835050
started,bundle,org.eclipse.core.expressions,3.4.300.v20110228,"org.eclipse.core.expressions",1356524835050
started,bundle,org.eclipse.core.filebuffers,3.5.200.v20110505-0800,"org.eclipse.core.filebuffers",1356524835050
started,bundle,org.eclipse.core.filesystem,1.3.100.v20110423-0524,"org.eclipse.core.filesystem",1356524835070
started,bundle,org.eclipse.core.jobs,3.5.100.v20110404,"org.eclipse.core.jobs",1356524835070
started,bundle,org.eclipse.core.net,1.2.100.I20110511-0800,"org.eclipse.core.net",1356524835070
started,bundle,org.eclipse.core.resources,3.7.100.v20110510-0712,"org.eclipse.core.resources",1356524835085
started,bundle,org.eclipse.core.runtime,3.7.0.v20110110,"org.eclipse.core.runtime",1356524835085
started,bundle,org.eclipse.core.runtime.compatibility,3.2.100.v20100505,"org.eclipse.core.runtime.compatibility",1356524835085
started,bundle,org.eclipse.core.runtime.compatibility.auth,3.2.200.v20110110,"org.eclipse.core.runtime.compatibility.auth",1356524835090
started,bundle,org.eclipse.core.variables,3.2.500.v20110511,"org.eclipse.core.variables",1356524835090
started,bundle,org.eclipse.debug.core,3.7.0.v20110518,"org.eclipse.debug.core",1356524835090
started,bundle,org.eclipse.debug.ui,3.7.101.v20110817_r371,"org.eclipse.debug.ui",1356524835135
started,bundle,org.eclipse.egit.core,1.1.0.201109151100-r,"org.eclipse.egit.core",1356524835135
started,bundle,org.eclipse.egit.ui,1.1.0.201109151100-r,"org.eclipse.egit.ui",1356524835150
started,bundle,org.eclipse.epp.mpc.ui,1.1.1.I20110907-0947,"org.eclipse.epp.mpc.ui",1356524835150
started,bundle,org.eclipse.epp.usagedata.gathering,1.3.1.R201106061540,"org.eclipse.epp.usagedata.gathering",1356524835150
started,bundle,org.eclipse.epp.usagedata.recording,1.3.1.R201106061540,"org.eclipse.epp.usagedata.recording",1356524835150
started,bundle,org.eclipse.equinox.app,1.3.100.v20110321,"org.eclipse.equinox.app",1356524835150
started,bundle,org.eclipse.equinox.common,3.6.0.v20110523,"org.eclipse.equinox.common",1356524835150
started,bundle,org.eclipse.equinox.ds,1.3.1.R37x_v20110701,"org.eclipse.equinox.ds",1356524835150
started,bundle,org.eclipse.equinox.event,1.2.100.v20110502,"org.eclipse.equinox.event",1356524835155
started,bundle,org.eclipse.equinox.p2.core,2.1.0.v20110502-1955,"org.eclipse.equinox.p2.core",1356524835155
started,bundle,org.eclipse.equinox.p2.directorywatcher,1.0.300.v20110502-1955,"org.eclipse.equinox.p2.directorywatcher",1356524835155
started,bundle,org.eclipse.equinox.p2.engine,2.1.0.v20110511,"org.eclipse.equinox.p2.engine",1356524835155
started,bundle,org.eclipse.equinox.p2.metadata,2.1.0.v20110510,"org.eclipse.equinox.p2.metadata",1356524835155
started,bundle,org.eclipse.equinox.p2.metadata.repository,1.2.0.v20110511-1359,"org.eclipse.equinox.p2.metadata.repository",1356524835155
started,bundle,org.eclipse.equinox.p2.operations,2.1.0.v20110511-1821,"org.eclipse.equinox.p2.operations",1356524835155
started,bundle,org.eclipse.equinox.p2.reconciler.dropins,1.1.100.v20110510,"org.eclipse.equinox.p2.reconciler.dropins",1356524835155
started,bundle,org.eclipse.equinox.p2.repository,2.1.0.v20110601,"org.eclipse.equinox.p2.repository",1356524835155
started,bundle,org.eclipse.equinox.p2.ui.sdk.scheduler,1.0.100.v20110502-1955,"org.eclipse.equinox.p2.ui.sdk.scheduler",1356524835155
started,bundle,org.eclipse.equinox.p2.updatechecker,1.1.200.v20110502-1955,"org.eclipse.equinox.p2.updatechecker",1356524835160
started,bundle,org.eclipse.equinox.preferences,3.4.1.R37x_v20110725,"org.eclipse.equinox.preferences",1356524835160
started,bundle,org.eclipse.equinox.registry,3.5.101.R37x_v20110810-1611,"org.eclipse.equinox.registry",1356524835160
started,bundle,org.eclipse.equinox.security,1.1.1.R37x_v20110822-1018,"org.eclipse.equinox.security",1356524835170
started,bundle,org.eclipse.equinox.util,1.0.300.v20110502,"org.eclipse.equinox.util",1356524835170
started,bundle,org.eclipse.help,3.5.100.v20110426,"org.eclipse.help",1356524835170
started,bundle,org.eclipse.jdt.apt.core,3.3.500.v20110420-1015,"org.eclipse.jdt.apt.core",1356524835170
started,bundle,org.eclipse.jdt.core,3.7.1.v_B76_R37x,"org.eclipse.jdt.core",1356524835170
started,bundle,org.eclipse.jdt.core.manipulation,1.4.0.v20110505-0800,"org.eclipse.jdt.core.manipulation",1356524835170
started,bundle,org.eclipse.jdt.launching,3.6.1.v20110803_r371,"org.eclipse.jdt.launching",1356524835175
started,bundle,org.eclipse.jdt.ui,3.7.1.r371_v20110824-0800,"org.eclipse.jdt.ui",1356524835175
started,bundle,org.eclipse.jface,3.7.0.I20110522-1430,"org.eclipse.jface",1356524835175
started,bundle,org.eclipse.jgit,1.1.0.201109151100-r,"org.eclipse.jgit",1356524835175
started,bundle,org.eclipse.jsch.core,1.1.300.I20110514-0800,"org.eclipse.jsch.core",1356524835175
started,bundle,org.eclipse.ltk.core.refactoring,3.5.201.r371_v20110824-0800,"org.eclipse.ltk.core.refactoring",1356524835180
started,bundle,org.eclipse.ltk.ui.refactoring,3.6.0.v20110505-0800,"org.eclipse.ltk.ui.refactoring",1356524835180
started,bundle,org.eclipse.mylyn.bugzilla.core,3.6.2.v20110903-0100,"org.eclipse.mylyn.bugzilla.core",1356524835180
started,bundle,org.eclipse.mylyn.bugzilla.ui,3.6.0.v20110608-1400,"org.eclipse.mylyn.bugzilla.ui",1356524835180
started,bundle,org.eclipse.mylyn.commons.identity,0.8.0.v20110608-1400,"org.eclipse.mylyn.commons.identity",1356524835180
started,bundle,org.eclipse.mylyn.commons.net,3.6.0.v20110608-1400,"org.eclipse.mylyn.commons.net",1356524835180
started,bundle,org.eclipse.mylyn.commons.ui,3.6.1.v20110720-0100,"org.eclipse.mylyn.commons.ui",1356524835180
started,bundle,org.eclipse.mylyn.context.core,3.6.1.v20110720-0100,"org.eclipse.mylyn.context.core",1356524835180
started,bundle,org.eclipse.mylyn.context.ui,3.6.0.v20110608-1400,"org.eclipse.mylyn.context.ui",1356524835220
started,bundle,org.eclipse.mylyn.monitor.ui,3.6.0.v20110608-1400,"org.eclipse.mylyn.monitor.ui",1356524835220
started,bundle,org.eclipse.mylyn.tasks.ui,3.6.2.v20110826-0100,"org.eclipse.mylyn.tasks.ui",1356524835220
started,bundle,org.eclipse.mylyn.team.ui,3.6.1.v20110825-0100,"org.eclipse.mylyn.team.ui",1356524835485
started,bundle,org.eclipse.pde.launching,3.6.0.v20110506,"org.eclipse.pde.launching",1356524835485
started,bundle,org.eclipse.pde.ui,3.6.100.v20110603,"org.eclipse.pde.ui",1356524835540
started,bundle,org.eclipse.search,3.7.0.v20110505-0800,"org.eclipse.search",1356524835540
started,bundle,org.eclipse.team.core,3.6.0.I20110525-0800,"org.eclipse.team.core",1356524835570
started,bundle,org.eclipse.team.cvs.core,3.3.400.I20110510-0800,"org.eclipse.team.cvs.core",1356524835570
started,bundle,org.eclipse.team.cvs.ui,3.3.400.I20110510-0800,"org.eclipse.team.cvs.ui",1356524835585
started,bundle,org.eclipse.team.ui,3.6.100.I20110525-0800,"org.eclipse.team.ui",1356524835585
started,bundle,org.eclipse.ui,3.7.0.I20110602-0100,"org.eclipse.ui",1356524835585
started,bundle,org.eclipse.ui.console,3.5.100.v20110511,"org.eclipse.ui.console",1356524835615
started,bundle,org.eclipse.ui.editors,3.7.0.v20110517-0800,"org.eclipse.ui.editors",1356524835615
started,bundle,org.eclipse.ui.forms,3.5.100.v20110425,"org.eclipse.ui.forms",1356524835615
started,bundle,org.eclipse.ui.ide,3.7.0.v20110809-1737,"org.eclipse.ui.ide",1356524835635
started,bundle,org.eclipse.ui.net,1.2.100.I20110511-0800,"org.eclipse.ui.net",1356524835635
started,bundle,org.eclipse.ui.views,3.6.0.I20110412-0800,"org.eclipse.ui.views",1356524835635
started,bundle,org.eclipse.ui.views.log,1.0.200.v20110404,"org.eclipse.ui.views.log",1356524835640
started,bundle,org.eclipse.ui.workbench,3.7.0.I20110519-0100,"org.eclipse.ui.workbench",1356524835640
started,bundle,org.eclipse.ui.workbench.texteditor,3.7.0.v20110505-0800,"org.eclipse.ui.workbench.texteditor",1356524835645
started,bundle,org.eclipse.update.configurator,3.3.100.v20100512,"org.eclipse.update.configurator",1356524835645
started,bundle,org.eclipse.update.core,3.2.500.v20110330,"org.eclipse.update.core",1356524835650
started,bundle,org.eclipse.update.scheduler,3.2.300.v20100512,"org.eclipse.update.scheduler",1356524835655
started,bundle,org.eclipse.wst.common.uriresolver,1.1.401.v201004280700,"org.eclipse.wst.common.uriresolver",1356524835655
started,bundle,org.eclipse.wst.dtd.ui,1.0.600.v201103171359,"org.eclipse.wst.dtd.ui",1356524835655
started,bundle,org.eclipse.wst.internet.cache,1.0.400.v201004280700,"org.eclipse.wst.internet.cache",1356524835655
started,bundle,com.android.ide.eclipse.adt,21.0.0.v201210310015-519525,"com.android.ide.eclipse.adt",1356524835655
started,bundle,com.android.ide.eclipse.base,21.0.0.v201210310015-519525,"com.android.ide.eclipse.base",1356524835655
started,bundle,org.eclipse.cdt.codan.ui.cxx,2.0.0.201202111925,"org.eclipse.cdt.codan.ui.cxx",1356524835655
started,bundle,org.eclipse.cdt.dsf,2.2.0.201202111925,"org.eclipse.cdt.dsf",1356524835655
started,bundle,org.eclipse.cdt.dsf.gdb,4.0.2.201202111925,"org.eclipse.cdt.dsf.gdb",1356524835655
started,bundle,org.eclipse.cdt.dsf.gdb.ui,2.2.1.201202111925,"org.eclipse.cdt.dsf.gdb.ui",1356524835655
started,bundle,org.eclipse.emf.common,2.7.0.v20120127-1122,"org.eclipse.emf.common",1356524835660
started,bundle,org.eclipse.wst.common.frameworks,1.2.102.v201201190400,"org.eclipse.wst.common.frameworks",1356524835660
started,bundle,org.eclipse.wst.common.project.facet.core,1.4.201.v201201101553,"org.eclipse.wst.common.project.facet.core",1356524835660
started,bundle,org.eclipse.wst.sse.core,1.1.602.v201112071516,"org.eclipse.wst.sse.core",1356524835660
started,bundle,org.eclipse.wst.sse.ui,1.3.2.v201201041522,"org.eclipse.wst.sse.ui",1356524835660
started,bundle,org.eclipse.wst.validation,1.2.303.v201202090300,"org.eclipse.wst.validation",1356524835660
started,bundle,org.eclipse.wst.xml.core,1.1.602.v201201091944,"org.eclipse.wst.xml.core",1356524835665
started,bundle,org.eclipse.wst.xml.ui,1.1.202.v201112071516,"org.eclipse.wst.xml.ui",1356524835665
os,sysinfo,,,"win32",1356524835665
arch,sysinfo,,,"x86",1356524835665
ws,sysinfo,,,"win32",1356524835665
locale,sysinfo,,,"en_US",1356524835665
processors,sysinfo,,,"4",1356524835665
java.runtime.name,sysinfo,,,"Java(TM) SE Runtime Environment",1356524835665
java.runtime.version,sysinfo,,,"1.6.0_31-b05",1356524835665
java.specification.name,sysinfo,,,"Java Platform API Specification",1356524835665
java.specification.vendor,sysinfo,,,"Sun Microsystems Inc.",1356524835665
java.specification.version,sysinfo,,,"1.6",1356524835665
java.vendor,sysinfo,,,"Sun Microsystems Inc.",1356524835665
java.version,sysinfo,,,"1.6.0_31",1356524835665
java.vm.info,sysinfo,,,"mixed mode",1356524835665
java.vm.name,sysinfo,,,"Java HotSpot(TM) Client VM",1356524835665
java.vm.specification.name,sysinfo,,,"Java Virtual Machine Specification",1356524835665
java.vm.specification.vendor,sysinfo,,,"Sun Microsystems Inc.",1356524835665
java.vm.specification.version,sysinfo,,,"1.0",1356524835665
java.vm.vendor,sysinfo,,,"Sun Microsystems Inc.",1356524835665
java.vm.version,sysinfo,,,"20.6-b01",1356524835665
started,bundle,org.eclipse.cdt.make.core,7.1.2.201202111925,"org.eclipse.cdt.make.core",1356524836015
started,bundle,org.eclipse.cdt.managedbuilder.core,8.0.2.201202111925,"org.eclipse.cdt.managedbuilder.core",1356524836625
started,bundle,org.eclipse.cdt.core,5.3.2.201202111925,"org.eclipse.cdt.core",1356524868481
started,bundle,org.eclipse.ui.navigator,3.5.100.v20110809-2227,"org.eclipse.ui.navigator",1356524868686
error,log,,,"Parser exception for D:\\BEProjectAndroidUI\\BEProject\\AndroidManifest.xml: The element type ""uses-permission"" must be terminated by the matching end-tag ""</uses-permission>"".",1356524868861
error,log,,,"fileChanged: failed to find manifest package for project BEProject",1356524868861
started,bundle,org.eclipse.cdt.ui,5.3.2.201202111925,"org.eclipse.cdt.ui",1356524868956
started,bundle,org.eclipse.cdt.make.ui,7.1.2.201202111925,"org.eclipse.cdt.make.ui",1356524868996
started,bundle,org.eclipse.cdt.codan.core.cxx,1.0.0.201202111925,"org.eclipse.cdt.codan.core.cxx",1356524868996
started,bundle,org.eclipse.cdt.codan.core,2.0.0.201202111925,"org.eclipse.cdt.codan.core",1356524869011
started,bundle,org.eclipse.cdt.codan.checkers,1.0.1.201202111925,"org.eclipse.cdt.codan.checkers",1356524869081
deactivated,workbench,org.eclipse.ui.workbench,3.7.0.I20110519-0100,"",1356524869216
error,log,,,"Parser exception for /BEProject/AndroidManifest.xml: The element type ""uses-permission"" must be terminated by the matching end-tag ""</uses-permission>"".",1356524869506
opened,view,org.eclipse.ui.ide,3.7.0.v20110809-1737,"org.eclipse.ui.views.ProblemView",1356524869831
error,log,,,"Parser exception for D:\\BEProjectAndroidUI\\BEProject\\AndroidManifest.xml: The element type ""uses-permission"" must be terminated by the matching end-tag ""</uses-permission>"".",1356524869946
error,log,,,"fileChanged: failed to find manifest package for project BEProject",1356524869946
error,log,,,"Parser exception for /BEProject/AndroidManifest.xml: The element type ""uses-permission"" must be terminated by the matching end-tag ""</uses-permission>"".",1356525135102
activated,workbench,org.eclipse.ui.workbench,3.7.0.I20110519-0100,"",1356525235497
deactivated,workbench,org.eclipse.ui.workbench,3.7.0.I20110519-0100,"",1356525236662
activated,workbench,org.eclipse.ui.workbench,3.7.0.I20110519-0100,"",1356528723078
deactivated,workbench,org.eclipse.ui.workbench,3.7.0.I20110519-0100,"",1356528723938
deactivated,workbench,org.eclipse.ui.workbench,3.7.0.I20110519-0100,"",1356528778483
closed,workbench,org.eclipse.ui.workbench,3.7.0.I20110519-0100,"",1356528779778
started,bundle,org.eclipse.compare,3.5.201.R37x_v20110817-0800,"org.eclipse.compare",1356528779965
stopped,bundle,org.eclipse.mylyn.ide.ant,3.6.0.v20110608-1400,"org.eclipse.mylyn.ide.ant",1356528780261
stopped,bundle,org.eclipse.mylyn.pde.ui,3.6.0.v20110608-1400,"org.eclipse.mylyn.pde.ui",1356528780261
stopped,bundle,org.eclipse.pde.api.tools.ui,1.0.301.v20110803_r371,"org.eclipse.pde.api.tools.ui",1356528780261
stopped,bundle,org.eclipse.pde.ds.ui,1.0.100.v20110516,"org.eclipse.pde.ds.ui",1356528780277
stopped,bundle,org.eclipse.pde.runtime,3.4.201.v20110819-0851,"org.eclipse.pde.runtime",1356528780277
stopped,bundle,org.eclipse.pde.ua.ui,1.0.100.v20110516,"org.eclipse.pde.ua.ui",1356528780277
stopped,bundle,org.eclipse.pde.ui.templates,3.4.400.v20110516,"org.eclipse.pde.ui.templates",1356528780277
